delivery_date,order_no,brand,material_code,material_name,factory_delivery_qty,batch_no,expiry_date,brand_sales_no,remark,pickup_qty,production_date,is_billed
2026-05-05,PO-00000001,Brand I,SKU-0002,物料-24,750,P20260505-0001,2027-06-29,BS-00000001,正常,61,2026-01-20,False
2026-04-14,PO-00000002,Brand I,SKU-0012,物料-19,623,P20260414-0002,2027-06-02,BS-00000002,,993,2025-11-22,False
2026-04-23,PO-00000003,非自营-02,SKU-0019,物料-08,486,P20260423-0003,2027-02-21,BS-00000003,正常,657,2025-12-20,True
2026-04-08,PO-00000004,Brand A,SKU-0027,物料-27,202,P20260408-0004,2027-06-18,BS-00000004,加急,232,2026-01-15,True
2026-04-17,PO-00000005,非自营-04,SKU-0023,物料-09,316,P20260417-0005,2027-01-13,BS-00000005,,463,2025-10-25,False
2026-06-08,PO-00000006,Brand L,SKU-0005,物料-07,551,P20260608-0006,2027-06-29,BS-00000006,正常,348,2025-12-21,True
2026-04-10,PO-00000007,Brand J,SKU-0023,物料-04,816,P20260410-0007,2027-11-27,BS-00000007,正常,285,2026-03-10,True
2026-05-21,PO-00000008,Brand J,SKU-0025,物料-22,768,P20260521-0008,2027-08-31,BS-00000008,正常,413,2026-02-01,True
2026-05-12,PO-00000009,非自营-08,SKU-0025,物料-16,915,P20260512-0009,2027-06-10,BS-00000009,,595,2026-02-07,False
2026-04-09,PO-00000010,Brand D,SKU-0003,物料-06,230,P20260409-0010,2028-02-29,BS-00000010,正常,686,2026-01-18,True
2026-03-13,PO-00000011,非自营-10,SKU-0024,物料-18,181,P20260313-0011,2027-09-11,BS-00000011,,405,2026-01-09,True
2026-06-09,PO-00000012,Brand I,SKU-0029,物料-02,169,P20260609-0012,2028-01-10,BS-00000012,,380,2026-03-27,True
2026-05-07,PO-00000013,Brand I,SKU-0006,物料-11,181,P20260507-0013,2027-05-22,BS-00000013,加急,169,2025-11-30,False
2026-05-07,PO-00000014,Brand L,SKU-0013,物料-05,72,P20260507-0014,2027-08-14,BS-00000014,加急,289,2025-12-29,True
2026-04-22,PO-00000015,非自营-14,SKU-0020,物料-17,582,P20260422-0015,2026-12-20,BS-00000015,,958,2026-01-31,False
2026-04-29,PO-00000016,Brand A,SKU-0015,物料-05,74,P20260429-0016,2027-10-21,BS-00000016,加急,515,2026-01-23,True
2026-05-07,PO-00000017,Brand K,SKU-0004,物料-26,178,P20260507-0017,2027-05-08,BS-00000017,正常,286,2025-12-31,True
2026-05-21,PO-00000018,Brand B,SKU-0020,物料-03,90,P20260521-0018,2028-03-13,BS-00000018,,306,2026-02-05,False
2026-03-29,PO-00000019,Brand I,SKU-0007,物料-19,768,P20260329-0019,2027-09-30,BS-00000019,加急,561,2026-01-03,True
2026-05-20,PO-00000020,Brand K,SKU-0022,物料-08,277,P20260520-0020,2026-12-06,BS-00000020,正常,781,2026-01-02,False
2026-04-07,PO-00000021,非自营-20,SKU-0018,物料-11,389,P20260407-0021,2027-08-07,BS-00000021,,7,2026-01-18,False
2026-05-04,PO-00000022,非自营-21,SKU-0021,物料-03,779,P20260504-0022,2026-12-15,BS-00000022,正常,356,2025-12-25,False
2026-04-04,PO-00000023,Brand D,SKU-0021,物料-03,82,P20260404-0023,2027-04-12,BS-00000023,,580,2025-11-07,False
2026-04-14,PO-00000024,Brand J,SKU-0022,物料-01,341,P20260414-0024,2026-12-06,BS-00000024,加急,903,2025-10-27,False
2026-04-02,PO-00000025,Brand A,SKU-0007,物料-30,197,P20260402-0025,2027-12-29,BS-00000025,正常,138,2025-11-09,True
2026-06-07,PO-00000026,Brand H,SKU-0012,物料-24,34,P20260607-0026,2027-11-01,BS-00000026,加急,510,2026-02-25,True
2026-05-13,PO-00000027,Brand I,SKU-0011,物料-13,237,P20260513-0027,2026-11-24,BS-00000027,正常,247,2026-02-17,True
2026-04-16,PO-00000028,Brand F,SKU-0024,物料-30,127,P20260416-0028,2028-03-08,BS-00000028,正常,540,2026-01-27,True
2026-06-03,PO-00000029,Brand I,SKU-0012,物料-10,454,P20260603-0029,2027-04-28,BS-00000029,正常,182,2026-05-02,False
2026-05-11,PO-00000030,Brand L,SKU-0026,物料-26,117,P20260511-0030,2027-06-07,BS-00000030,正常,724,2026-02-07,True
2026-06-01,PO-00000031,Brand I,SKU-0030,物料-06,251,P20260601-0031,2027-12-23,BS-00000031,加急,422,2026-03-10,True
2026-04-22,PO-00000032,Brand L,SKU-0015,物料-11,620,P20260422-0032,2027-07-26,BS-00000032,正常,396,2026-02-16,False
2026-04-13,PO-00000033,非自营-32,SKU-0008,物料-08,543,P20260413-0033,2028-03-31,BS-00000033,加急,831,2026-01-30,False
2026-05-24,PO-00000034,非自营-33,SKU-0011,物料-19,490,P20260524-0034,2027-10-27,BS-00000034,正常,304,2025-12-27,False
2026-03-20,PO-00000035,Brand D,SKU-0021,物料-30,512,P20260320-0035,2027-08-18,BS-00000035,,18,2025-11-18,False
2026-04-05,PO-00000036,非自营-35,SKU-0018,物料-11,507,P20260405-0036,2026-12-15,BS-00000036,,382,2025-10-17,True
2026-03-24,PO-00000037,Brand A,SKU-0010,物料-06,65,P20260324-0037,2026-12-21,BS-00000037,正常,962,2025-10-14,False
2026-04-27,PO-00000038,Brand E,SKU-0008,物料-12,158,P20260427-0038,2027-02-15,BS-00000038,,225,2026-01-18,True
2026-04-25,PO-00000039,非自营-38,SKU-0006,物料-18,320,P20260425-0039,2027-12-16,BS-00000039,正常,229,2025-12-15,False
2026-03-16,PO-00000040,Brand E,SKU-0003,物料-03,561,P20260316-0040,2027-01-02,BS-00000040,加急,850,2026-02-04,True
2026-04-11,PO-00000041,Brand L,SKU-0020,物料-13,956,P20260411-0041,2027-10-10,BS-00000041,,607,2025-11-23,False
2026-04-11,PO-00000042,Brand E,SKU-0012,物料-04,671,P20260411-0042,2026-12-06,BS-00000042,正常,494,2026-01-11,True
2026-06-09,PO-00000043,非自营-42,SKU-0017,物料-09,933,P20260609-0043,2027-09-13,BS-00000043,正常,483,2025-12-30,True
2026-05-21,PO-00000044,Brand F,SKU-0003,物料-16,130,P20260521-0044,2027-07-11,BS-00000044,加急,626,2026-04-06,False
2026-04-21,PO-00000045,Brand K,SKU-0020,物料-12,781,P20260421-0045,2026-12-01,BS-00000045,加急,358,2026-03-16,False
2026-04-26,PO-00000046,非自营-45,SKU-0018,物料-20,35,P20260426-0046,2027-05-07,BS-00000046,正常,691,2026-03-17,False
2026-05-02,PO-00000047,Brand D,SKU-0030,物料-07,992,P20260502-0047,2028-03-10,BS-00000047,正常,372,2026-01-29,True
2026-06-03,PO-00000048,Brand F,SKU-0012,物料-12,121,P20260603-0048,2028-02-21,BS-00000048,正常,77,2025-12-28,True
2026-06-05,PO-00000049,Brand F,SKU-0022,物料-08,520,P20260605-0049,2027-06-14,BS-00000049,正常,326,2026-05-01,True
2026-03-16,PO-00000050,Brand D,SKU-0024,物料-21,890,P20260316-0050,2027-03-25,BS-00000050,正常,275,2025-10-18,True
2026-03-23,PO-00000051,Brand D,SKU-0016,物料-15,965,P20260323-0051,2027-07-25,BS-00000051,正常,351,2026-01-05,True
2026-04-01,PO-00000052,Brand C,SKU-0028,物料-02,32,P20260401-0052,2027-10-21,BS-00000052,加急,877,2025-12-24,False
2026-03-20,PO-00000053,Brand E,SKU-0022,物料-11,690,P20260320-0053,2027-11-24,BS-00000053,,181,2025-10-21,True
2026-06-10,PO-00000054,非自营-53,SKU-0010,物料-24,835,P20260610-0054,2028-04-15,BS-00000054,正常,504,2026-05-06,False
2026-03-28,PO-00000055,非自营-54,SKU-0019,物料-21,273,P20260328-0055,2027-04-12,BS-00000055,正常,606,2025-12-04,True
2026-04-04,PO-00000056,Brand I,SKU-0009,物料-05,125,P20260404-0056,2028-03-17,BS-00000056,加急,597,2025-11-16,True
2026-04-07,PO-00000057,Brand L,SKU-0014,物料-23,489,P20260407-0057,2027-07-27,BS-00000057,,388,2026-02-09,True
2026-03-19,PO-00000058,Brand E,SKU-0020,物料-06,316,P20260319-0058,2028-01-21,BS-00000058,加急,606,2025-11-01,False
2026-04-24,PO-00000059,Brand F,SKU-0014,物料-19,240,P20260424-0059,2027-09-16,BS-00000059,加急,334,2025-11-13,False
2026-05-12,PO-00000060,Brand B,SKU-0022,物料-30,710,P20260512-0060,2027-07-26,BS-00000060,正常,445,2026-01-22,True
2026-04-09,PO-00000061,Brand E,SKU-0004,物料-14,501,P20260409-0061,2026-11-29,BS-00000061,正常,508,2025-11-30,True
2026-06-02,PO-00000062,Brand I,SKU-0015,物料-07,778,P20260602-0062,2027-09-06,BS-00000062,加急,656,2026-03-07,True
2026-05-24,PO-00000063,Brand C,SKU-0020,物料-12,129,P20260524-0063,2028-02-04,BS-00000063,正常,247,2026-04-01,False
2026-04-04,PO-00000064,Brand C,SKU-0027,物料-30,295,P20260404-0064,2027-06-16,BS-00000064,正常,692,2025-12-28,False
2026-04-14,PO-00000065,Brand E,SKU-0002,物料-17,997,P20260414-0065,2027-03-05,BS-00000065,正常,292,2025-11-29,True
2026-05-10,PO-00000066,Brand J,SKU-0026,物料-04,794,P20260510-0066,2027-12-01,BS-00000066,,530,2026-04-01,True
2026-04-11,PO-00000067,非自营-66,SKU-0018,物料-20,416,P20260411-0067,2027-10-15,BS-00000067,,137,2025-10-15,True
2026-03-15,PO-00000068,非自营-67,SKU-0002,物料-22,367,P20260315-0068,2026-10-25,BS-00000068,正常,555,2026-01-24,True
2026-03-20,PO-00000069,非自营-68,SKU-0018,物料-22,899,P20260320-0069,2027-10-17,BS-00000069,加急,737,2025-10-18,True
2026-06-09,PO-00000070,Brand B,SKU-0008,物料-10,161,P20260609-0070,2027-08-24,BS-00000070,,944,2026-01-18,True
2026-05-27,PO-00000071,Brand A,SKU-0010,物料-24,607,P20260527-0071,2028-03-15,BS-00000071,加急,344,2026-01-21,True
2026-06-09,PO-00000072,Brand E,SKU-0020,物料-28,334,P20260609-0072,2028-04-03,BS-00000072,正常,36,2025-12-24,True
2026-05-04,PO-00000073,非自营-72,SKU-0004,物料-01,866,P20260504-0073,2028-03-29,BS-00000073,加急,313,2026-01-13,True
2026-03-12,PO-00000074,非自营-73,SKU-0010,物料-29,957,P20260312-0074,2028-01-06,BS-00000074,加急,219,2025-11-06,True
2026-05-11,PO-00000075,Brand B,SKU-0010,物料-23,848,P20260511-0075,2028-02-15,BS-00000075,,639,2026-01-09,True
2026-05-23,PO-00000076,Brand B,SKU-0027,物料-30,255,P20260523-0076,2028-02-27,BS-00000076,加急,142,2026-01-19,True
2026-04-11,PO-00000077,Brand A,SKU-0030,物料-04,835,P20260411-0077,2026-10-29,BS-00000077,加急,403,2026-02-17,True
2026-06-07,PO-00000078,Brand K,SKU-0003,物料-13,927,P20260607-0078,2028-01-03,BS-00000078,,694,2026-01-05,True
2026-04-25,PO-00000079,Brand L,SKU-0021,物料-06,324,P20260425-0079,2027-05-18,BS-00000079,正常,908,2025-11-07,False
2026-05-10,PO-00000080,Brand B,SKU-0004,物料-26,949,P20260510-0080,2027-03-30,BS-00000080,加急,403,2025-11-14,False
2026-06-05,PO-00000081,Brand C,SKU-0023,物料-15,814,P20260605-0081,2028-01-25,BS-00000081,正常,554,2025-12-22,True
2026-05-23,PO-00000082,非自营-81,SKU-0010,物料-14,171,P20260523-0082,2027-11-02,BS-00000082,正常,478,2026-02-05,True
2026-06-06,PO-00000083,非自营-82,SKU-0007,物料-25,621,P20260606-0083,2027-10-03,BS-00000083,正常,721,2025-12-26,False
2026-06-03,PO-00000084,Brand L,SKU-0022,物料-03,378,P20260603-0084,2027-01-12,BS-00000084,,936,2026-03-12,False
2026-04-22,PO-00000085,Brand D,SKU-0023,物料-24,194,P20260422-0085,2027-02-02,BS-00000085,正常,559,2026-02-16,True
2026-06-04,PO-00000086,Brand D,SKU-0012,物料-19,962,P20260604-0086,2027-04-29,BS-00000086,加急,823,2026-01-14,True
2026-04-07,PO-00000087,Brand E,SKU-0007,物料-06,945,P20260407-0087,2027-06-24,BS-00000087,正常,219,2025-10-29,False
2026-05-08,PO-00000088,Brand G,SKU-0013,物料-02,285,P20260508-0088,2027-02-21,BS-00000088,正常,366,2026-03-18,True
2026-05-19,PO-00000089,Brand I,SKU-0008,物料-09,538,P20260519-0089,2026-12-02,BS-00000089,正常,195,2026-04-12,False
2026-05-31,PO-00000090,Brand G,SKU-0027,物料-30,445,P20260531-0090,2027-10-28,BS-00000090,加急,983,2025-12-27,True
2026-05-23,PO-00000091,Brand L,SKU-0013,物料-13,269,P20260523-0091,2027-07-15,BS-00000091,正常,683,2026-02-05,False
2026-04-14,PO-00000092,Brand B,SKU-0001,物料-18,968,P20260414-0092,2027-09-03,BS-00000092,正常,748,2026-03-09,True
2026-03-21,PO-00000093,Brand J,SKU-0016,物料-12,254,P20260321-0093,2027-07-07,BS-00000093,正常,968,2025-12-14,True
2026-05-16,PO-00000094,Brand E,SKU-0019,物料-21,827,P20260516-0094,2027-12-29,BS-00000094,,686,2026-02-14,False
2026-04-05,PO-00000095,Brand E,SKU-0028,物料-22,347,P20260405-0095,2028-01-05,BS-00000095,加急,945,2025-10-11,True
2026-03-14,PO-00000096,非自营-95,SKU-0019,物料-04,997,P20260314-0096,2026-11-29,BS-00000096,,31,2025-10-29,True
2026-04-14,PO-00000097,Brand L,SKU-0021,物料-28,59,P20260414-0097,2027-06-22,BS-00000097,加急,735,2026-02-20,False
2026-05-21,PO-00000098,Brand I,SKU-0026,物料-23,281,P20260521-0098,2027-11-14,BS-00000098,正常,53,2025-12-09,True
2026-04-08,PO-00000099,Brand J,SKU-0030,物料-29,244,P20260408-0099,2028-01-04,BS-00000099,加急,422,2025-10-25,True
2026-03-20,PO-00000100,非自营-99,SKU-0013,物料-07,593,P20260320-0100,2027-12-02,BS-00000100,加急,980,2025-11-22,True
2026-03-22,PO-00000101,非自营-100,SKU-0029,物料-12,838,P20260322-0101,2028-03-03,BS-00000101,加急,697,2025-11-06,True
2026-05-30,PO-00000102,Brand J,SKU-0007,物料-23,565,P20260530-0102,2027-07-21,BS-00000102,加急,233,2026-03-21,False
2026-04-19,PO-00000103,Brand J,SKU-0015,物料-11,923,P20260419-0103,2027-07-03,BS-00000103,,828,2025-12-01,False
2026-03-24,PO-00000104,Brand G,SKU-0026,物料-07,315,P20260324-0104,2027-06-19,BS-00000104,加急,742,2025-10-15,True
2026-03-22,PO-00000105,Brand G,SKU-0006,物料-29,486,P20260322-0105,2027-06-24,BS-00000105,,109,2026-02-12,True
2026-04-15,PO-00000106,Brand J,SKU-0004,物料-26,497,P20260415-0106,2027-03-10,BS-00000106,,986,2025-12-25,True
2026-03-19,PO-00000107,Brand J,SKU-0022,物料-27,89,P20260319-0107,2027-02-13,BS-00000107,正常,878,2025-11-16,False
2026-03-18,PO-00000108,非自营-107,SKU-0023,物料-10,295,P20260318-0108,2026-09-25,BS-00000108,加急,99,2025-10-07,False
2026-05-19,PO-00000109,Brand J,SKU-0020,物料-09,570,P20260519-0109,2026-11-28,BS-00000109,正常,711,2025-12-25,False
2026-05-20,PO-00000110,Brand J,SKU-0011,物料-02,107,P20260520-0110,2028-04-09,BS-00000110,加急,210,2026-03-25,False
2026-05-07,PO-00000111,Brand C,SKU-0024,物料-05,487,P20260507-0111,2028-01-21,BS-00000111,,732,2025-11-15,True
2026-04-15,PO-00000112,Brand I,SKU-0021,物料-10,926,P20260415-0112,2027-08-25,BS-00000112,,402,2025-10-25,True
2026-03-22,PO-00000113,Brand C,SKU-0019,物料-25,415,P20260322-0113,2027-05-13,BS-00000113,,836,2026-01-27,True
2026-04-18,PO-00000114,Brand B,SKU-0002,物料-28,952,P20260418-0114,2028-04-05,BS-00000114,加急,149,2026-03-16,True
2026-06-10,PO-00000115,非自营-114,SKU-0017,物料-29,546,P20260610-0115,2027-02-18,BS-00000115,加急,674,2026-04-10,True
2026-06-04,PO-00000116,Brand K,SKU-0015,物料-14,735,P20260604-0116,2028-02-07,BS-00000116,加急,393,2026-04-01,False
2026-05-28,PO-00000117,Brand A,SKU-0020,物料-27,577,P20260528-0117,2027-09-17,BS-00000117,加急,654,2026-03-30,True
2026-04-29,PO-00000118,Brand J,SKU-0018,物料-16,264,P20260429-0118,2027-08-17,BS-00000118,加急,257,2025-12-18,True
2026-04-15,PO-00000119,Brand G,SKU-0012,物料-27,969,P20260415-0119,2026-10-25,BS-00000119,正常,244,2025-11-25,True
2026-04-09,PO-00000120,Brand K,SKU-0003,物料-02,677,P20260409-0120,2027-11-04,BS-00000120,加急,149,2026-01-21,False
2026-06-07,PO-00000121,非自营-120,SKU-0017,物料-19,496,P20260607-0121,2027-06-12,BS-00000121,正常,623,2026-02-04,True
2026-04-21,PO-00000122,Brand K,SKU-0014,物料-23,682,P20260421-0122,2027-12-12,BS-00000122,加急,98,2025-12-30,True
2026-03-17,PO-00000123,非自营-122,SKU-0029,物料-09,203,P20260317-0123,2026-12-27,BS-00000123,加急,102,2025-10-09,True
2026-03-21,PO-00000124,Brand K,SKU-0006,物料-14,525,P20260321-0124,2027-10-15,BS-00000124,加急,722,2026-01-22,False
2026-06-03,PO-00000125,Brand C,SKU-0004,物料-15,473,P20260603-0125,2028-02-10,BS-00000125,加急,11,2026-01-07,True
2026-06-03,PO-00000126,Brand D,SKU-0021,物料-19,789,P20260603-0126,2026-12-06,BS-00000126,,892,2026-04-13,False
2026-06-09,PO-00000127,Brand C,SKU-0008,物料-26,922,P20260609-0127,2027-02-24,BS-00000127,,225,2026-01-29,True
2026-06-04,PO-00000128,Brand I,SKU-0027,物料-08,513,P20260604-0128,2028-03-29,BS-00000128,正常,957,2026-04-17,False
2026-04-03,PO-00000129,非自营-128,SKU-0020,物料-27,45,P20260403-0129,2027-09-21,BS-00000129,正常,812,2025-12-28,False
2026-04-26,PO-00000130,Brand C,SKU-0022,物料-15,25,P20260426-0130,2027-08-29,BS-00000130,加急,441,2026-01-01,True
2026-03-23,PO-00000131,Brand K,SKU-0003,物料-08,928,P20260323-0131,2028-02-06,BS-00000131,加急,147,2026-02-04,True
2026-05-05,PO-00000132,Brand I,SKU-0008,物料-28,977,P20260505-0132,2028-04-02,BS-00000132,加急,178,2025-12-18,True
2026-03-24,PO-00000133,Brand K,SKU-0013,物料-04,898,P20260324-0133,2027-12-12,BS-00000133,加急,6,2025-11-02,False
2026-05-24,PO-00000134,Brand B,SKU-0019,物料-27,658,P20260524-0134,2027-08-31,BS-00000134,,151,2025-12-13,True
2026-03-18,PO-00000135,非自营-134,SKU-0015,物料-29,599,P20260318-0135,2027-06-22,BS-00000135,正常,834,2025-10-01,True
2026-03-23,PO-00000136,Brand D,SKU-0023,物料-06,832,P20260323-0136,2026-12-01,BS-00000136,正常,581,2025-12-26,True
2026-05-11,PO-00000137,Brand A,SKU-0007,物料-11,82,P20260511-0137,2026-12-21,BS-00000137,正常,352,2026-03-25,False
2026-04-05,PO-00000138,Brand D,SKU-0003,物料-12,329,P20260405-0138,2028-03-13,BS-00000138,,564,2025-12-25,True
2026-03-13,PO-00000139,Brand E,SKU-0019,物料-24,952,P20260313-0139,2027-12-09,BS-00000139,加急,673,2025-11-11,True
2026-04-06,PO-00000140,Brand B,SKU-0026,物料-28,254,P20260406-0140,2027-11-13,BS-00000140,,416,2025-10-09,True
2026-05-01,PO-00000141,Brand G,SKU-0010,物料-09,867,P20260501-0141,2027-01-28,BS-00000141,,604,2026-02-05,True
2026-05-19,PO-00000142,Brand E,SKU-0028,物料-18,749,P20260519-0142,2027-10-02,BS-00000142,正常,662,2026-03-28,True
2026-05-12,PO-00000143,Brand A,SKU-0027,物料-17,204,P20260512-0143,2028-02-16,BS-00000143,,569,2026-03-28,False
2026-05-22,PO-00000144,Brand I,SKU-0016,物料-21,767,P20260522-0144,2027-10-10,BS-00000144,正常,195,2026-03-10,True
2026-05-23,PO-00000145,非自营-144,SKU-0014,物料-26,915,P20260523-0145,2028-01-07,BS-00000145,,324,2026-02-11,True
2026-04-19,PO-00000146,Brand K,SKU-0008,物料-03,98,P20260419-0146,2028-02-26,BS-00000146,正常,481,2026-03-07,True
2026-06-03,PO-00000147,Brand F,SKU-0011,物料-27,781,P20260603-0147,2028-02-12,BS-00000147,正常,207,2025-12-19,False
2026-03-22,PO-00000148,Brand L,SKU-0019,物料-13,807,P20260322-0148,2027-11-23,BS-00000148,加急,935,2025-12-08,True
2026-05-14,PO-00000149,Brand K,SKU-0002,物料-06,148,P20260514-0149,2027-10-03,BS-00000149,正常,302,2025-12-28,False
2026-06-05,PO-00000150,Brand G,SKU-0005,物料-28,572,P20260605-0150,2027-08-15,BS-00000150,,298,2025-12-14,True
2026-05-30,PO-00000151,Brand F,SKU-0011,物料-14,668,P20260530-0151,2027-02-07,BS-00000151,正常,956,2025-12-11,True
2026-04-22,PO-00000152,Brand A,SKU-0007,物料-27,763,P20260422-0152,2027-06-09,BS-00000152,,425,2026-02-16,False
2026-03-21,PO-00000153,Brand I,SKU-0008,物料-01,406,P20260321-0153,2028-02-19,BS-00000153,正常,61,2026-01-07,True
2026-06-08,PO-00000154,Brand G,SKU-0017,物料-28,962,P20260608-0154,2027-08-19,BS-00000154,加急,194,2026-01-30,False
2026-03-30,PO-00000155,非自营-154,SKU-0012,物料-27,493,P20260330-0155,2027-05-12,BS-00000155,加急,566,2025-12-10,False
2026-03-15,PO-00000156,非自营-155,SKU-0018,物料-04,396,P20260315-0156,2027-05-13,BS-00000156,,362,2026-01-31,True
2026-06-02,PO-00000157,Brand L,SKU-0029,物料-22,377,P20260602-0157,2028-01-29,BS-00000157,正常,560,2026-01-31,True
2026-03-14,PO-00000158,Brand K,SKU-0007,物料-18,855,P20260314-0158,2027-12-09,BS-00000158,,617,2026-01-27,True
2026-05-31,PO-00000159,Brand L,SKU-0009,物料-11,467,P20260531-0159,2028-03-13,BS-00000159,加急,944,2026-01-25,False
2026-03-25,PO-00000160,Brand D,SKU-0019,物料-11,431,P20260325-0160,2027-03-13,BS-00000160,,77,2025-10-21,True
2026-03-21,PO-00000161,非自营-160,SKU-0014,物料-08,241,P20260321-0161,2026-11-30,BS-00000161,,886,2025-12-28,True
2026-03-17,PO-00000162,Brand J,SKU-0024,物料-04,548,P20260317-0162,2026-12-20,BS-00000162,正常,928,2025-10-13,True
2026-04-11,PO-00000163,Brand J,SKU-0030,物料-02,353,P20260411-0163,2028-03-03,BS-00000163,加急,283,2025-11-03,False
2026-04-11,PO-00000164,Brand C,SKU-0026,物料-01,729,P20260411-0164,2027-02-08,BS-00000164,加急,56,2025-10-19,True
2026-04-28,PO-00000165,Brand J,SKU-0019,物料-24,147,P20260428-0165,2027-02-18,BS-00000165,正常,680,2026-03-07,True
2026-03-20,PO-00000166,非自营-165,SKU-0020,物料-10,383,P20260320-0166,2027-08-24,BS-00000166,正常,375,2025-10-13,True
2026-05-26,PO-00000167,Brand B,SKU-0018,物料-17,446,P20260526-0167,2027-07-12,BS-00000167,正常,375,2026-04-15,False
2026-04-06,PO-00000168,Brand G,SKU-0025,物料-07,164,P20260406-0168,2027-02-08,BS-00000168,加急,718,2025-10-18,True
2026-03-13,PO-00000169,Brand L,SKU-0030,物料-07,528,P20260313-0169,2027-09-17,BS-00000169,加急,771,2026-01-31,True
2026-03-15,PO-00000170,Brand G,SKU-0015,物料-13,124,P20260315-0170,2027-05-04,BS-00000170,正常,787,2025-12-19,True
2026-03-17,PO-00000171,Brand J,SKU-0021,物料-22,101,P20260317-0171,2027-03-21,BS-00000171,,372,2025-11-22,True
2026-04-10,PO-00000172,Brand A,SKU-0021,物料-24,355,P20260410-0172,2027-03-23,BS-00000172,加急,856,2026-02-22,True
2026-05-05,PO-00000173,非自营-172,SKU-0004,物料-26,603,P20260505-0173,2027-08-18,BS-00000173,正常,674,2025-12-24,True
2026-04-08,PO-00000174,Brand L,SKU-0013,物料-01,534,P20260408-0174,2027-09-10,BS-00000174,正常,243,2025-12-17,True
2026-05-11,PO-00000175,Brand F,SKU-0005,物料-28,593,P20260511-0175,2027-12-06,BS-00000175,,761,2026-01-08,True
2026-05-27,PO-00000176,非自营-175,SKU-0012,物料-01,100,P20260527-0176,2028-03-10,BS-00000176,正常,820,2025-12-06,True
2026-05-05,PO-00000177,Brand H,SKU-0030,物料-13,709,P20260505-0177,2027-03-19,BS-00000177,,38,2026-01-18,True
2026-04-16,PO-00000178,Brand K,SKU-0017,物料-01,407,P20260416-0178,2027-04-21,BS-00000178,,308,2026-01-04,False
2026-05-24,PO-00000179,Brand C,SKU-0010,物料-06,114,P20260524-0179,2028-04-21,BS-00000179,加急,632,2025-12-13,True
2026-05-24,PO-00000180,非自营-179,SKU-0030,物料-23,821,P20260524-0180,2027-01-09,BS-00000180,正常,85,2026-01-27,True
2026-03-16,PO-00000181,Brand B,SKU-0026,物料-26,975,P20260316-0181,2027-07-06,BS-00000181,加急,98,2026-02-07,True
2026-04-09,PO-00000182,Brand F,SKU-0012,物料-25,605,P20260409-0182,2026-12-16,BS-00000182,加急,373,2025-10-15,True
2026-03-23,PO-00000183,Brand G,SKU-0006,物料-10,549,P20260323-0183,2027-06-01,BS-00000183,加急,757,2026-02-10,False
2026-04-02,PO-00000184,Brand L,SKU-0027,物料-21,288,P20260402-0184,2027-08-03,BS-00000184,正常,494,2025-12-22,True
2026-05-09,PO-00000185,非自营-184,SKU-0020,物料-01,21,P20260509-0185,2027-02-03,BS-00000185,正常,859,2025-11-25,True
2026-04-19,PO-00000186,Brand G,SKU-0028,物料-25,929,P20260419-0186,2027-03-13,BS-00000186,正常,905,2026-01-25,False
2026-03-13,PO-00000187,Brand K,SKU-0020,物料-05,316,P20260313-0187,2026-10-08,BS-00000187,加急,207,2025-10-13,False
2026-03-25,PO-00000188,Brand D,SKU-0012,物料-22,373,P20260325-0188,2027-12-26,BS-00000188,,624,2025-11-23,False
2026-03-21,PO-00000189,Brand I,SKU-0013,物料-25,671,P20260321-0189,2027-10-06,BS-00000189,加急,982,2025-11-30,True
2026-04-28,PO-00000190,Brand J,SKU-0021,物料-02,327,P20260428-0190,2028-03-25,BS-00000190,,82,2026-02-11,True
2026-05-14,PO-00000191,Brand D,SKU-0030,物料-30,547,P20260514-0191,2027-11-17,BS-00000191,正常,576,2025-12-28,False
2026-03-14,PO-00000192,非自营-191,SKU-0017,物料-03,223,P20260314-0192,2027-03-25,BS-00000192,正常,0,2026-01-09,False
2026-05-22,PO-00000193,Brand G,SKU-0020,物料-30,323,P20260522-0193,2027-05-26,BS-00000193,加急,436,2026-01-07,True
2026-05-10,PO-00000194,Brand E,SKU-0010,物料-23,464,P20260510-0194,2027-01-23,BS-00000194,,685,2025-11-28,False
2026-05-31,PO-00000195,Brand D,SKU-0019,物料-03,408,P20260531-0195,2027-02-06,BS-00000195,正常,249,2025-12-16,True
2026-05-18,PO-00000196,非自营-195,SKU-0005,物料-18,761,P20260518-0196,2026-12-26,BS-00000196,正常,409,2026-03-10,True
2026-04-01,PO-00000197,Brand G,SKU-0026,物料-23,231,P20260401-0197,2027-02-07,BS-00000197,加急,737,2025-11-27,True
2026-03-30,PO-00000198,非自营-197,SKU-0005,物料-08,589,P20260330-0198,2027-01-09,BS-00000198,加急,385,2025-12-09,True
2026-05-29,PO-00000199,Brand C,SKU-0008,物料-09,271,P20260529-0199,2027-11-16,BS-00000199,加急,795,2026-03-24,True
2026-03-31,PO-00000200,Brand L,SKU-0030,物料-02,505,P20260331-0200,2026-10-04,BS-00000200,,83,2025-10-13,True
2026-05-08,PO-00000201,Brand J,SKU-0017,物料-29,632,P20260508-0201,2027-10-12,BS-00000201,,489,2026-03-24,True
2026-04-22,PO-00000202,Brand J,SKU-0003,物料-02,139,P20260422-0202,2027-12-29,BS-00000202,正常,238,2026-02-28,True
2026-03-21,PO-00000203,Brand E,SKU-0021,物料-27,168,P20260321-0203,2026-12-05,BS-00000203,加急,922,2025-09-28,True
2026-04-03,PO-00000204,Brand F,SKU-0016,物料-16,801,P20260403-0204,2027-10-26,BS-00000204,正常,539,2025-11-10,False
2026-06-07,PO-00000205,Brand H,SKU-0027,物料-07,300,P20260607-0205,2027-09-17,BS-00000205,,379,2026-02-03,True
2026-03-23,PO-00000206,Brand J,SKU-0019,物料-30,824,P20260323-0206,2027-01-09,BS-00000206,正常,798,2026-02-18,False
2026-03-20,PO-00000207,Brand K,SKU-0006,物料-04,552,P20260320-0207,2027-04-29,BS-00000207,正常,942,2025-12-31,True
2026-05-29,PO-00000208,Brand A,SKU-0010,物料-05,98,P20260529-0208,2027-10-23,BS-00000208,加急,390,2026-01-12,False
2026-04-09,PO-00000209,非自营-208,SKU-0016,物料-01,977,P20260409-0209,2027-11-26,BS-00000209,正常,327,2025-11-29,True
2026-06-01,PO-00000210,非自营-209,SKU-0013,物料-22,341,P20260601-0210,2027-09-01,BS-00000210,加急,479,2025-12-23,False
2026-03-31,PO-00000211,非自营-210,SKU-0003,物料-10,639,P20260331-0211,2026-09-29,BS-00000211,正常,970,2026-02-22,True
2026-05-15,PO-00000212,Brand C,SKU-0022,物料-13,515,P20260515-0212,2028-03-02,BS-00000212,正常,303,2026-04-04,True
2026-03-14,PO-00000213,Brand J,SKU-0008,物料-24,139,P20260314-0213,2027-10-24,BS-00000213,,281,2025-12-09,True
2026-03-19,PO-00000214,Brand G,SKU-0020,物料-27,216,P20260319-0214,2027-07-18,BS-00000214,,694,2025-11-17,False
2026-04-19,PO-00000215,Brand J,SKU-0008,物料-15,369,P20260419-0215,2027-05-17,BS-00000215,正常,344,2025-11-27,False
2026-05-14,PO-00000216,Brand J,SKU-0007,物料-01,68,P20260514-0216,2026-12-09,BS-00000216,正常,134,2026-03-28,True
2026-04-11,PO-00000217,非自营-216,SKU-0027,物料-18,105,P20260411-0217,2027-11-30,BS-00000217,加急,467,2025-11-29,True
2026-05-22,PO-00000218,Brand H,SKU-0011,物料-23,840,P20260522-0218,2028-05-07,BS-00000218,,360,2026-01-27,False
2026-05-29,PO-00000219,Brand F,SKU-0029,物料-14,255,P20260529-0219,2026-12-22,BS-00000219,,568,2026-01-27,False
2026-04-02,PO-00000220,Brand L,SKU-0020,物料-18,468,P20260402-0220,2026-12-24,BS-00000220,正常,114,2026-01-18,True
2026-03-16,PO-00000221,Brand D,SKU-0003,物料-25,154,P20260316-0221,2026-10-07,BS-00000221,加急,185,2025-09-25,False
2026-05-08,PO-00000222,非自营-221,SKU-0021,物料-22,319,P20260508-0222,2027-03-03,BS-00000222,,477,2025-11-17,True
2026-05-23,PO-00000223,Brand K,SKU-0021,物料-12,646,P20260523-0223,2027-12-15,BS-00000223,正常,887,2026-03-10,False
2026-05-29,PO-00000224,非自营-223,SKU-0030,物料-12,926,P20260529-0224,2027-11-16,BS-00000224,正常,0,2026-01-20,False
2026-05-13,PO-00000225,Brand I,SKU-0007,物料-05,543,P20260513-0225,2027-10-27,BS-00000225,正常,849,2026-02-11,True
2026-05-11,PO-00000226,Brand D,SKU-0011,物料-07,390,P20260511-0226,2026-11-21,BS-00000226,正常,967,2026-01-18,True
2026-05-02,PO-00000227,非自营-226,SKU-0017,物料-26,362,P20260502-0227,2027-08-29,BS-00000227,正常,540,2026-03-14,True
2026-04-13,PO-00000228,Brand H,SKU-0025,物料-24,893,P20260413-0228,2027-06-20,BS-00000228,,743,2026-02-04,True
2026-04-02,PO-00000229,非自营-228,SKU-0018,物料-13,960,P20260402-0229,2028-03-01,BS-00000229,,661,2025-10-26,False
2026-05-01,PO-00000230,Brand L,SKU-0025,物料-09,294,P20260501-0230,2027-05-01,BS-00000230,加急,991,2025-12-15,False
2026-03-22,PO-00000231,Brand B,SKU-0009,物料-06,728,P20260322-0231,2027-10-09,BS-00000231,正常,423,2025-12-16,True
2026-05-08,PO-00000232,非自营-231,SKU-0013,物料-21,926,P20260508-0232,2028-03-17,BS-00000232,加急,701,2026-02-21,False
2026-04-30,PO-00000233,Brand F,SKU-0029,物料-07,511,P20260430-0233,2026-11-09,BS-00000233,正常,269,2025-12-04,True
2026-05-20,PO-00000234,非自营-233,SKU-0030,物料-18,267,P20260520-0234,2027-07-03,BS-00000234,正常,759,2026-02-26,False
2026-03-28,PO-00000235,Brand E,SKU-0015,物料-15,819,P20260328-0235,2026-12-23,BS-00000235,正常,897,2025-10-02,False
2026-04-26,PO-00000236,Brand B,SKU-0019,物料-08,61,P20260426-0236,2027-11-30,BS-00000236,加急,418,2025-11-11,False
2026-04-24,PO-00000237,Brand L,SKU-0015,物料-28,559,P20260424-0237,2028-03-08,BS-00000237,正常,326,2025-12-21,True
2026-05-07,PO-00000238,Brand E,SKU-0007,物料-20,908,P20260507-0238,2026-11-06,BS-00000238,加急,194,2026-03-11,True
2026-03-16,PO-00000239,Brand E,SKU-0003,物料-16,674,P20260316-0239,2027-04-18,BS-00000239,,892,2025-12-13,True
2026-04-19,PO-00000240,Brand F,SKU-0024,物料-17,854,P20260419-0240,2027-05-19,BS-00000240,正常,254,2026-02-14,True
2026-05-08,PO-00000241,Brand C,SKU-0008,物料-03,225,P20260508-0241,2027-04-11,BS-00000241,加急,78,2026-02-28,True
2026-03-20,PO-00000242,Brand B,SKU-0013,物料-13,455,P20260320-0242,2027-09-23,BS-00000242,,874,2025-10-17,False
2026-04-03,PO-00000243,Brand B,SKU-0016,物料-09,232,P20260403-0243,2026-10-16,BS-00000243,正常,97,2025-11-23,True
2026-04-27,PO-00000244,Brand B,SKU-0003,物料-20,664,P20260427-0244,2028-03-01,BS-00000244,,149,2026-03-27,True
2026-04-16,PO-00000245,Brand C,SKU-0021,物料-15,975,P20260416-0245,2028-01-21,BS-00000245,正常,785,2025-11-07,True
2026-04-11,PO-00000246,Brand F,SKU-0023,物料-26,114,P20260411-0246,2027-12-25,BS-00000246,加急,813,2026-02-27,True
2026-06-03,PO-00000247,Brand H,SKU-0001,物料-26,531,P20260603-0247,2027-02-18,BS-00000247,正常,849,2026-01-26,True
2026-04-03,PO-00000248,Brand H,SKU-0003,物料-30,978,P20260403-0248,2027-03-14,BS-00000248,正常,446,2025-12-27,True
2026-05-06,PO-00000249,Brand A,SKU-0016,物料-27,763,P20260506-0249,2027-10-24,BS-00000249,加急,122,2026-02-19,True
2026-05-21,PO-00000250,Brand L,SKU-0001,物料-16,897,P20260521-0250,2027-07-08,BS-00000250,加急,609,2026-01-18,True
2026-04-26,PO-00000251,Brand J,SKU-0018,物料-16,392,P20260426-0251,2027-04-02,BS-00000251,加急,675,2026-02-05,True
2026-05-08,PO-00000252,Brand L,SKU-0014,物料-19,123,P20260508-0252,2027-04-27,BS-00000252,正常,557,2026-02-20,True
2026-04-16,PO-00000253,Brand E,SKU-0030,物料-04,754,P20260416-0253,2027-10-10,BS-00000253,,358,2025-12-31,False
2026-05-18,PO-00000254,Brand H,SKU-0007,物料-19,78,P20260518-0254,2027-11-24,BS-00000254,加急,238,2025-12-15,False
2026-06-07,PO-00000255,非自营-254,SKU-0023,物料-19,374,P20260607-0255,2027-05-26,BS-00000255,,741,2026-01-16,True
2026-05-10,PO-00000256,Brand J,SKU-0003,物料-02,53,P20260510-0256,2027-07-01,BS-00000256,加急,804,2026-04-01,True
2026-03-25,PO-00000257,Brand B,SKU-0029,物料-06,690,P20260325-0257,2027-03-02,BS-00000257,加急,755,2025-10-12,False
2026-04-05,PO-00000258,Brand D,SKU-0022,物料-13,220,P20260405-0258,2027-05-27,BS-00000258,正常,529,2025-11-11,True
2026-05-21,PO-00000259,Brand F,SKU-0016,物料-15,285,P20260521-0259,2027-07-06,BS-00000259,加急,682,2026-04-05,True
2026-05-29,PO-00000260,Brand H,SKU-0029,物料-10,116,P20260529-0260,2028-04-24,BS-00000260,,871,2026-04-08,True
2026-04-24,PO-00000261,Brand G,SKU-0006,物料-22,942,P20260424-0261,2027-06-13,BS-00000261,正常,668,2026-01-26,False
2026-04-26,PO-00000262,Brand B,SKU-0018,物料-10,488,P20260426-0262,2027-09-10,BS-00000262,加急,203,2026-02-12,False
2026-03-24,PO-00000263,Brand F,SKU-0029,物料-04,688,P20260324-0263,2027-10-31,BS-00000263,,657,2026-02-12,True
2026-05-12,PO-00000264,Brand L,SKU-0025,物料-14,214,P20260512-0264,2027-05-03,BS-00000264,正常,990,2026-03-02,True
2026-03-30,PO-00000265,Brand K,SKU-0013,物料-08,128,P20260330-0265,2028-02-07,BS-00000265,,142,2026-02-06,True
2026-03-23,PO-00000266,Brand H,SKU-0024,物料-06,495,P20260323-0266,2027-01-15,BS-00000266,正常,186,2025-10-27,False
2026-06-09,PO-00000267,非自营-266,SKU-0002,物料-12,118,P20260609-0267,2027-06-13,BS-00000267,正常,487,2026-03-10,False
2026-04-28,PO-00000268,Brand B,SKU-0012,物料-08,463,P20260428-0268,2027-10-24,BS-00000268,正常,121,2025-12-09,True
2026-04-13,PO-00000269,非自营-268,SKU-0004,物料-06,248,P20260413-0269,2028-02-07,BS-00000269,加急,349,2026-01-20,False
2026-05-29,PO-00000270,Brand D,SKU-0009,物料-15,17,P20260529-0270,2027-02-11,BS-00000270,正常,99,2026-02-07,True
2026-04-17,PO-00000271,Brand F,SKU-0020,物料-29,521,P20260417-0271,2027-08-31,BS-00000271,加急,283,2025-11-20,True
2026-03-17,PO-00000272,Brand I,SKU-0023,物料-25,52,P20260317-0272,2027-01-29,BS-00000272,加急,948,2025-10-30,True
2026-06-08,PO-00000273,Brand F,SKU-0005,物料-19,403,P20260608-0273,2027-11-05,BS-00000273,加急,526,2026-01-18,True
2026-05-31,PO-00000274,非自营-273,SKU-0010,物料-14,818,P20260531-0274,2028-01-02,BS-00000274,加急,383,2026-04-19,True
2026-04-23,PO-00000275,Brand F,SKU-0006,物料-03,141,P20260423-0275,2027-06-02,BS-00000275,正常,554,2026-01-16,False
2026-04-30,PO-00000276,Brand B,SKU-0001,物料-18,727,P20260430-0276,2027-07-19,BS-00000276,加急,800,2025-12-15,True
2026-04-26,PO-00000277,Brand J,SKU-0020,物料-10,909,P20260426-0277,2027-09-20,BS-00000277,,897,2026-03-01,True
2026-05-23,PO-00000278,Brand B,SKU-0005,物料-14,801,P20260523-0278,2027-06-30,BS-00000278,,186,2025-12-30,True
2026-04-08,PO-00000279,Brand F,SKU-0006,物料-14,760,P20260408-0279,2028-03-07,BS-00000279,正常,7,2025-12-26,True
2026-05-17,PO-00000280,Brand I,SKU-0022,物料-22,798,P20260517-0280,2027-07-19,BS-00000280,加急,623,2026-01-16,True
2026-03-22,PO-00000281,Brand C,SKU-0021,物料-07,403,P20260322-0281,2027-11-12,BS-00000281,,544,2025-11-28,True
2026-03-31,PO-00000282,Brand A,SKU-0019,物料-07,567,P20260331-0282,2027-04-01,BS-00000282,,418,2025-11-06,True
2026-06-06,PO-00000283,Brand G,SKU-0011,物料-21,994,P20260606-0283,2027-08-08,BS-00000283,加急,913,2026-02-22,True
2026-04-10,PO-00000284,Brand A,SKU-0015,物料-22,207,P20260410-0284,2027-02-10,BS-00000284,加急,89,2025-12-18,True
2026-04-16,PO-00000285,非自营-284,SKU-0002,物料-23,473,P20260416-0285,2027-01-08,BS-00000285,正常,495,2025-12-25,True
2026-05-26,PO-00000286,Brand J,SKU-0015,物料-11,130,P20260526-0286,2027-01-05,BS-00000286,,660,2025-12-10,True
2026-05-18,PO-00000287,Brand D,SKU-0007,物料-18,309,P20260518-0287,2027-07-17,BS-00000287,正常,959,2026-04-04,True
2026-06-07,PO-00000288,Brand F,SKU-0017,物料-10,229,P20260607-0288,2028-01-18,BS-00000288,,923,2026-03-25,True
2026-04-16,PO-00000289,非自营-288,SKU-0012,物料-15,877,P20260416-0289,2027-05-18,BS-00000289,加急,723,2025-12-26,False
2026-05-08,PO-00000290,Brand F,SKU-0012,物料-30,810,P20260508-0290,2028-01-04,BS-00000290,,115,2026-04-02,False
2026-04-08,PO-00000291,Brand L,SKU-0005,物料-12,103,P20260408-0291,2026-10-19,BS-00000291,,684,2025-12-22,False
2026-04-19,PO-00000292,非自营-291,SKU-0020,物料-23,301,P20260419-0292,2027-09-15,BS-00000292,,19,2026-02-19,True
2026-05-16,PO-00000293,Brand I,SKU-0007,物料-17,162,P20260516-0293,2028-05-01,BS-00000293,加急,890,2025-12-20,True
2026-04-23,PO-00000294,Brand H,SKU-0002,物料-22,534,P20260423-0294,2028-02-23,BS-00000294,加急,131,2026-02-04,False
2026-03-16,PO-00000295,Brand K,SKU-0027,物料-24,944,P20260316-0295,2027-06-30,BS-00000295,,291,2025-11-06,True
2026-03-24,PO-00000296,非自营-295,SKU-0013,物料-29,728,P20260324-0296,2027-01-14,BS-00000296,,353,2025-12-04,True
2026-03-20,PO-00000297,Brand D,SKU-0024,物料-17,776,P20260320-0297,2027-12-28,BS-00000297,加急,236,2026-01-20,False
2026-05-07,PO-00000298,Brand B,SKU-0009,物料-01,431,P20260507-0298,2027-11-24,BS-00000298,加急,588,2026-04-05,True
2026-04-07,PO-00000299,Brand L,SKU-0029,物料-06,167,P20260407-0299,2027-04-14,BS-00000299,加急,222,2026-01-31,True
2026-05-11,PO-00000300,Brand F,SKU-0015,物料-21,279,P20260511-0300,2027-02-15,BS-00000300,,435,2026-03-13,False
2026-05-27,PO-00000301,非自营-300,SKU-0028,物料-15,827,P20260527-0301,2027-01-31,BS-00000301,正常,637,2026-03-05,False
2026-04-30,PO-00000302,Brand D,SKU-0026,物料-19,589,P20260430-0302,2027-04-18,BS-00000302,正常,38,2025-12-09,False
2026-06-01,PO-00000303,非自营-302,SKU-0015,物料-14,266,P20260601-0303,2028-02-14,BS-00000303,加急,326,2026-02-06,True
2026-04-14,PO-00000304,Brand D,SKU-0001,物料-10,710,P20260414-0304,2027-12-17,BS-00000304,正常,208,2025-12-06,False
2026-06-04,PO-00000305,Brand H,SKU-0021,物料-29,524,P20260604-0305,2027-07-03,BS-00000305,,105,2026-02-10,False
2026-05-15,PO-00000306,Brand K,SKU-0020,物料-10,246,P20260515-0306,2028-04-30,BS-00000306,正常,651,2025-12-02,False
2026-04-25,PO-00000307,非自营-306,SKU-0021,物料-23,955,P20260425-0307,2027-09-05,BS-00000307,正常,248,2026-03-19,False
2026-06-06,PO-00000308,Brand K,SKU-0025,物料-07,454,P20260606-0308,2027-09-14,BS-00000308,正常,566,2026-02-11,True
2026-04-14,PO-00000309,Brand C,SKU-0028,物料-07,941,P20260414-0309,2027-05-23,BS-00000309,加急,629,2026-01-12,True
2026-05-23,PO-00000310,Brand I,SKU-0003,物料-14,653,P20260523-0310,2027-11-02,BS-00000310,,861,2026-01-21,False
2026-03-19,PO-00000311,Brand I,SKU-0030,物料-15,180,P20260319-0311,2027-10-07,BS-00000311,加急,687,2025-10-03,True
2026-04-28,PO-00000312,非自营-311,SKU-0001,物料-22,279,P20260428-0312,2027-09-30,BS-00000312,正常,353,2026-02-09,True
2026-04-16,PO-00000313,Brand A,SKU-0027,物料-20,610,P20260416-0313,2028-02-28,BS-00000313,加急,469,2025-11-17,False
2026-06-01,PO-00000314,Brand E,SKU-0019,物料-09,624,P20260601-0314,2027-02-06,BS-00000314,,724,2026-03-25,True
2026-05-16,PO-00000315,Brand A,SKU-0020,物料-28,646,P20260516-0315,2027-03-20,BS-00000315,,264,2026-03-14,True
2026-03-22,PO-00000316,Brand K,SKU-0013,物料-15,76,P20260322-0316,2027-12-05,BS-00000316,,651,2025-11-11,True
2026-05-02,PO-00000317,Brand L,SKU-0015,物料-09,784,P20260502-0317,2027-08-14,BS-00000317,,976,2026-03-24,True
2026-04-16,PO-00000318,非自营-317,SKU-0013,物料-23,17,P20260416-0318,2027-11-03,BS-00000318,正常,463,2026-03-09,True
2026-04-11,PO-00000319,Brand I,SKU-0018,物料-07,565,P20260411-0319,2026-10-25,BS-00000319,正常,836,2025-12-07,False
2026-04-04,PO-00000320,Brand C,SKU-0017,物料-24,457,P20260404-0320,2026-12-15,BS-00000320,正常,850,2025-10-24,True
2026-04-01,PO-00000321,Brand A,SKU-0001,物料-11,144,P20260401-0321,2027-09-27,BS-00000321,正常,440,2025-10-15,True
2026-04-10,PO-00000322,非自营-321,SKU-0015,物料-05,769,P20260410-0322,2027-07-13,BS-00000322,正常,283,2026-01-29,False
2026-05-22,PO-00000323,非自营-322,SKU-0024,物料-27,825,P20260522-0323,2027-08-24,BS-00000323,加急,784,2026-02-02,True
2026-05-14,PO-00000324,Brand I,SKU-0004,物料-09,839,P20260514-0324,2028-01-26,BS-00000324,,533,2026-01-14,True
2026-04-19,PO-00000325,非自营-324,SKU-0028,物料-06,34,P20260419-0325,2027-09-09,BS-00000325,正常,930,2025-10-24,False
2026-03-12,PO-00000326,Brand E,SKU-0002,物料-07,474,P20260312-0326,2028-02-25,BS-00000326,,368,2026-02-10,True
2026-04-22,PO-00000327,Brand B,SKU-0026,物料-28,995,P20260422-0327,2028-03-09,BS-00000327,,698,2026-03-13,False
2026-05-27,PO-00000328,Brand J,SKU-0019,物料-23,383,P20260527-0328,2028-02-15,BS-00000328,正常,718,2026-02-26,False
2026-06-05,PO-00000329,Brand F,SKU-0008,物料-25,205,P20260605-0329,2027-12-11,BS-00000329,正常,658,2026-02-17,False
2026-03-16,PO-00000330,Brand J,SKU-0022,物料-23,713,P20260316-0330,2027-07-04,BS-00000330,,494,2025-11-03,True
2026-03-23,PO-00000331,Brand F,SKU-0016,物料-14,890,P20260323-0331,2028-01-07,BS-00000331,,945,2026-01-05,True
2026-04-09,PO-00000332,Brand C,SKU-0008,物料-19,411,P20260409-0332,2027-11-02,BS-00000332,,153,2025-12-19,True
2026-03-14,PO-00000333,Brand C,SKU-0010,物料-22,131,P20260314-0333,2026-12-27,BS-00000333,加急,619,2026-01-16,False
2026-05-11,PO-00000334,Brand I,SKU-0016,物料-22,781,P20260511-0334,2027-10-31,BS-00000334,加急,315,2026-01-13,False
2026-05-01,PO-00000335,非自营-334,SKU-0005,物料-11,922,P20260501-0335,2027-08-12,BS-00000335,,299,2026-01-17,False
2026-04-16,PO-00000336,Brand E,SKU-0019,物料-28,568,P20260416-0336,2027-12-04,BS-00000336,加急,439,2025-12-28,True
2026-05-25,PO-00000337,Brand F,SKU-0006,物料-07,895,P20260525-0337,2027-10-04,BS-00000337,,994,2026-03-21,True
2026-06-09,PO-00000338,Brand G,SKU-0010,物料-06,218,P20260609-0338,2027-11-11,BS-00000338,,810,2026-02-13,True
2026-03-13,PO-00000339,Brand C,SKU-0024,物料-04,310,P20260313-0339,2027-07-22,BS-00000339,正常,150,2025-12-04,True
2026-04-09,PO-00000340,非自营-339,SKU-0030,物料-14,610,P20260409-0340,2027-09-19,BS-00000340,,969,2025-11-24,False
2026-04-21,PO-00000341,非自营-340,SKU-0005,物料-22,963,P20260421-0341,2026-11-13,BS-00000341,正常,405,2025-12-07,True
2026-04-09,PO-00000342,Brand E,SKU-0021,物料-03,524,P20260409-0342,2027-11-10,BS-00000342,正常,174,2025-12-31,True
2026-05-14,PO-00000343,Brand G,SKU-0019,物料-17,917,P20260514-0343,2027-09-21,BS-00000343,,54,2026-04-05,False
2026-05-08,PO-00000344,Brand C,SKU-0019,物料-15,996,P20260508-0344,2027-11-06,BS-00000344,加急,778,2026-04-04,True
2026-06-02,PO-00000345,Brand E,SKU-0013,物料-01,666,P20260602-0345,2027-11-06,BS-00000345,,310,2026-04-06,False
2026-03-21,PO-00000346,非自营-345,SKU-0028,物料-21,895,P20260321-0346,2027-09-16,BS-00000346,,153,2025-12-23,True
2026-03-22,PO-00000347,Brand D,SKU-0015,物料-11,543,P20260322-0347,2026-11-29,BS-00000347,加急,896,2025-10-07,False
2026-03-18,PO-00000348,Brand L,SKU-0008,物料-13,48,P20260318-0348,2027-01-13,BS-00000348,正常,499,2025-11-17,True
2026-05-27,PO-00000349,Brand A,SKU-0011,物料-30,816,P20260527-0349,2027-05-27,BS-00000349,加急,995,2026-02-25,True
2026-05-11,PO-00000350,Brand H,SKU-0001,物料-24,628,P20260511-0350,2027-09-21,BS-00000350,,500,2026-01-13,True
2026-05-16,PO-00000351,Brand C,SKU-0004,物料-03,621,P20260516-0351,2027-10-30,BS-00000351,,189,2025-12-31,False
2026-06-05,PO-00000352,Brand K,SKU-0025,物料-13,793,P20260605-0352,2027-11-21,BS-00000352,加急,505,2026-03-30,True
2026-05-03,PO-00000353,Brand K,SKU-0022,物料-18,750,P20260503-0353,2027-02-12,BS-00000353,加急,148,2025-12-04,True
2026-05-15,PO-00000354,Brand E,SKU-0022,物料-24,956,P20260515-0354,2028-01-02,BS-00000354,加急,7,2025-12-27,False
2026-04-07,PO-00000355,非自营-354,SKU-0030,物料-09,895,P20260407-0355,2027-04-26,BS-00000355,正常,659,2025-10-16,True
2026-03-18,PO-00000356,Brand C,SKU-0026,物料-25,806,P20260318-0356,2027-09-30,BS-00000356,加急,684,2025-12-13,False
2026-05-15,PO-00000357,非自营-356,SKU-0027,物料-02,215,P20260515-0357,2027-09-03,BS-00000357,,592,2026-02-09,True
2026-05-08,PO-00000358,非自营-357,SKU-0027,物料-28,592,P20260508-0358,2027-08-09,BS-00000358,加急,590,2026-02-22,True
2026-04-05,PO-00000359,Brand E,SKU-0013,物料-08,690,P20260405-0359,2027-04-08,BS-00000359,,468,2025-10-09,True
2026-04-28,PO-00000360,Brand E,SKU-0007,物料-02,706,P20260428-0360,2028-01-17,BS-00000360,正常,320,2026-01-29,True
2026-03-15,PO-00000361,Brand E,SKU-0027,物料-23,421,P20260315-0361,2027-05-26,BS-00000361,正常,571,2025-09-29,True
2026-03-19,PO-00000362,Brand E,SKU-0007,物料-24,342,P20260319-0362,2027-12-11,BS-00000362,加急,450,2025-09-25,True
2026-06-04,PO-00000363,Brand I,SKU-0006,物料-01,217,P20260604-0363,2027-02-16,BS-00000363,,606,2026-02-05,True
2026-05-18,PO-00000364,Brand C,SKU-0025,物料-24,414,P20260518-0364,2026-12-06,BS-00000364,正常,823,2025-12-27,True
2026-05-10,PO-00000365,Brand A,SKU-0008,物料-03,397,P20260510-0365,2028-03-22,BS-00000365,加急,127,2026-01-16,True
2026-03-15,PO-00000366,Brand F,SKU-0012,物料-29,496,P20260315-0366,2027-03-14,BS-00000366,正常,633,2025-12-10,True
2026-03-19,PO-00000367,Brand F,SKU-0024,物料-17,391,P20260319-0367,2028-02-09,BS-00000367,加急,286,2026-01-03,True
2026-06-09,PO-00000368,Brand A,SKU-0018,物料-07,876,P20260609-0368,2027-01-23,BS-00000368,,852,2026-01-13,False
2026-03-27,PO-00000369,Brand B,SKU-0023,物料-10,893,P20260327-0369,2027-03-09,BS-00000369,加急,86,2025-11-23,True
2026-03-30,PO-00000370,Brand G,SKU-0015,物料-19,280,P20260330-0370,2026-10-16,BS-00000370,,893,2026-02-25,True
2026-03-12,PO-00000371,非自营-370,SKU-0028,物料-24,446,P20260312-0371,2027-10-04,BS-00000371,正常,80,2026-02-08,True
2026-04-14,PO-00000372,Brand K,SKU-0016,物料-09,867,P20260414-0372,2027-01-23,BS-00000372,,533,2025-11-16,False
2026-06-10,PO-00000373,Brand C,SKU-0001,物料-18,439,P20260610-0373,2027-09-22,BS-00000373,,251,2026-02-27,True
2026-04-25,PO-00000374,Brand A,SKU-0010,物料-15,656,P20260425-0374,2027-12-21,BS-00000374,正常,189,2025-12-11,True
2026-05-13,PO-00000375,非自营-374,SKU-0015,物料-17,667,P20260513-0375,2027-06-25,BS-00000375,,823,2026-01-08,False
2026-03-17,PO-00000376,Brand L,SKU-0024,物料-24,354,P20260317-0376,2027-03-12,BS-00000376,,597,2026-01-11,True
2026-04-16,PO-00000377,Brand H,SKU-0013,物料-26,158,P20260416-0377,2027-09-29,BS-00000377,加急,483,2026-02-19,True
2026-05-16,PO-00000378,Brand E,SKU-0019,物料-22,637,P20260516-0378,2027-06-24,BS-00000378,,378,2026-02-23,False
2026-05-28,PO-00000379,Brand A,SKU-0027,物料-26,401,P20260528-0379,2027-07-15,BS-00000379,加急,455,2026-03-11,True
2026-03-19,PO-00000380,Brand F,SKU-0013,物料-17,196,P20260319-0380,2027-06-07,BS-00000380,,878,2025-11-08,True
2026-05-17,PO-00000381,Brand C,SKU-0009,物料-19,29,P20260517-0381,2027-09-22,BS-00000381,正常,7,2026-04-17,True
2026-04-07,PO-00000382,Brand H,SKU-0021,物料-09,347,P20260407-0382,2028-02-14,BS-00000382,,317,2026-01-06,True
2026-04-14,PO-00000383,Brand G,SKU-0016,物料-25,382,P20260414-0383,2027-05-16,BS-00000383,,333,2025-12-07,True
2026-04-08,PO-00000384,Brand D,SKU-0023,物料-06,988,P20260408-0384,2027-05-03,BS-00000384,,229,2026-01-03,True
2026-04-11,PO-00000385,Brand A,SKU-0014,物料-19,765,P20260411-0385,2027-01-14,BS-00000385,加急,663,2025-10-14,True
2026-03-28,PO-00000386,Brand J,SKU-0023,物料-08,76,P20260328-0386,2027-10-16,BS-00000386,正常,507,2026-01-14,True
2026-06-02,PO-00000387,Brand H,SKU-0009,物料-06,448,P20260602-0387,2027-11-08,BS-00000387,正常,789,2026-05-02,False
2026-05-05,PO-00000388,Brand K,SKU-0018,物料-17,71,P20260505-0388,2027-07-11,BS-00000388,,526,2026-02-06,False
2026-05-25,PO-00000389,非自营-388,SKU-0004,物料-06,495,P20260525-0389,2028-04-27,BS-00000389,,979,2026-04-12,True
2026-03-20,PO-00000390,Brand H,SKU-0012,物料-13,795,P20260320-0390,2027-01-11,BS-00000390,加急,474,2026-02-03,True
2026-05-07,PO-00000391,Brand B,SKU-0024,物料-21,868,P20260507-0391,2027-05-30,BS-00000391,正常,923,2026-02-16,True
2026-04-25,PO-00000392,Brand D,SKU-0005,物料-24,984,P20260425-0392,2027-12-04,BS-00000392,,405,2025-12-17,True
2026-03-17,PO-00000393,Brand H,SKU-0011,物料-29,631,P20260317-0393,2028-01-06,BS-00000393,,286,2026-01-19,False
2026-03-25,PO-00000394,非自营-393,SKU-0005,物料-02,577,P20260325-0394,2027-08-15,BS-00000394,正常,968,2026-01-02,False
2026-04-11,PO-00000395,Brand D,SKU-0019,物料-12,94,P20260411-0395,2027-04-08,BS-00000395,,759,2026-01-20,True
2026-05-04,PO-00000396,Brand J,SKU-0021,物料-07,415,P20260504-0396,2027-12-21,BS-00000396,,766,2025-12-10,True
2026-03-22,PO-00000397,Brand I,SKU-0029,物料-06,785,P20260322-0397,2026-12-09,BS-00000397,正常,445,2026-02-12,False
2026-05-19,PO-00000398,Brand E,SKU-0007,物料-17,404,P20260519-0398,2027-07-26,BS-00000398,加急,342,2026-04-09,False
2026-03-13,PO-00000399,Brand K,SKU-0004,物料-28,628,P20260313-0399,2026-09-13,BS-00000399,,324,2025-10-28,True
2026-03-28,PO-00000400,Brand G,SKU-0008,物料-08,533,P20260328-0400,2027-07-23,BS-00000400,,876,2026-01-13,True
2026-04-16,PO-00000401,Brand H,SKU-0030,物料-06,185,P20260416-0401,2028-03-31,BS-00000401,正常,166,2025-12-23,True
2026-03-14,PO-00000402,Brand F,SKU-0027,物料-29,368,P20260314-0402,2027-11-11,BS-00000402,正常,592,2026-02-11,False
2026-05-13,PO-00000403,Brand F,SKU-0006,物料-19,840,P20260513-0403,2027-06-23,BS-00000403,加急,295,2026-02-04,True
2026-04-23,PO-00000404,Brand K,SKU-0006,物料-21,548,P20260423-0404,2027-11-13,BS-00000404,加急,580,2025-11-06,False
2026-04-13,PO-00000405,Brand D,SKU-0022,物料-23,300,P20260413-0405,2026-10-21,BS-00000405,,182,2026-02-14,True
2026-05-28,PO-00000406,Brand A,SKU-0004,物料-09,139,P20260528-0406,2027-10-26,BS-00000406,加急,838,2026-01-08,False
2026-04-09,PO-00000407,Brand K,SKU-0014,物料-20,748,P20260409-0407,2027-02-11,BS-00000407,加急,575,2025-12-09,True
2026-04-03,PO-00000408,非自营-407,SKU-0003,物料-28,488,P20260403-0408,2026-10-10,BS-00000408,加急,775,2026-02-28,True
2026-05-09,PO-00000409,Brand E,SKU-0010,物料-30,657,P20260509-0409,2028-03-08,BS-00000409,,838,2026-03-21,True
2026-05-31,PO-00000410,Brand C,SKU-0022,物料-16,541,P20260531-0410,2027-08-25,BS-00000410,加急,85,2026-01-21,True
2026-04-29,PO-00000411,Brand I,SKU-0006,物料-18,273,P20260429-0411,2027-10-17,BS-00000411,加急,555,2026-02-20,True
2026-05-05,PO-00000412,Brand A,SKU-0018,物料-19,968,P20260505-0412,2027-01-31,BS-00000412,加急,805,2025-11-30,True
2026-05-25,PO-00000413,Brand F,SKU-0030,物料-07,845,P20260525-0413,2026-11-29,BS-00000413,正常,884,2026-04-25,True
2026-04-08,PO-00000414,Brand B,SKU-0010,物料-08,680,P20260408-0414,2027-02-04,BS-00000414,加急,148,2025-11-11,True
2026-05-21,PO-00000415,Brand H,SKU-0009,物料-21,512,P20260521-0415,2027-08-24,BS-00000415,加急,771,2025-12-14,True
2026-05-22,PO-00000416,非自营-415,SKU-0016,物料-19,169,P20260522-0416,2028-02-18,BS-00000416,正常,927,2026-04-19,True
2026-04-05,PO-00000417,非自营-416,SKU-0020,物料-01,918,P20260405-0417,2027-12-26,BS-00000417,正常,822,2025-10-15,True
2026-03-18,PO-00000418,非自营-417,SKU-0004,物料-26,863,P20260318-0418,2027-10-25,BS-00000418,,860,2025-10-06,True
2026-06-05,PO-00000419,Brand F,SKU-0026,物料-13,547,P20260605-0419,2027-01-26,BS-00000419,,955,2026-01-25,True
2026-05-23,PO-00000420,Brand C,SKU-0029,物料-01,90,P20260523-0420,2027-12-02,BS-00000420,正常,58,2025-12-16,True
2026-05-25,PO-00000421,非自营-420,SKU-0028,物料-11,422,P20260525-0421,2028-04-05,BS-00000421,,605,2026-02-23,True
2026-04-14,PO-00000422,Brand D,SKU-0011,物料-02,484,P20260414-0422,2026-11-02,BS-00000422,加急,834,2025-11-03,True
2026-06-10,PO-00000423,Brand F,SKU-0028,物料-21,897,P20260610-0423,2027-08-08,BS-00000423,,4,2026-03-19,True
2026-04-02,PO-00000424,Brand H,SKU-0012,物料-03,991,P20260402-0424,2027-11-20,BS-00000424,加急,82,2026-01-14,True
2026-05-17,PO-00000425,Brand A,SKU-0024,物料-13,27,P20260517-0425,2027-07-01,BS-00000425,加急,839,2026-04-11,True
2026-04-30,PO-00000426,Brand I,SKU-0019,物料-07,78,P20260430-0426,2027-05-24,BS-00000426,加急,382,2025-12-22,True
2026-04-28,PO-00000427,非自营-426,SKU-0010,物料-02,917,P20260428-0427,2027-04-04,BS-00000427,正常,548,2026-03-27,False
2026-05-22,PO-00000428,Brand F,SKU-0007,物料-02,139,P20260522-0428,2027-11-29,BS-00000428,,478,2026-02-06,True
2026-05-20,PO-00000429,Brand E,SKU-0007,物料-03,947,P20260520-0429,2027-05-04,BS-00000429,,26,2025-12-19,True
2026-05-07,PO-00000430,Brand K,SKU-0018,物料-13,656,P20260507-0430,2027-10-07,BS-00000430,正常,524,2026-01-19,True
2026-04-05,PO-00000431,Brand J,SKU-0003,物料-12,824,P20260405-0431,2028-01-18,BS-00000431,正常,901,2025-10-09,False
2026-05-16,PO-00000432,Brand L,SKU-0012,物料-01,900,P20260516-0432,2027-06-26,BS-00000432,,576,2026-03-16,True
2026-03-27,PO-00000433,Brand E,SKU-0014,物料-18,739,P20260327-0433,2027-09-20,BS-00000433,正常,413,2026-02-14,False
2026-05-08,PO-00000434,Brand K,SKU-0020,物料-05,319,P20260508-0434,2028-02-25,BS-00000434,正常,714,2025-12-26,False
2026-04-21,PO-00000435,Brand B,SKU-0002,物料-19,496,P20260421-0435,2028-02-04,BS-00000435,加急,179,2025-12-02,False
2026-05-01,PO-00000436,Brand E,SKU-0030,物料-27,24,P20260501-0436,2027-05-10,BS-00000436,加急,808,2026-03-26,False
2026-04-01,PO-00000437,Brand F,SKU-0009,物料-10,505,P20260401-0437,2026-10-09,BS-00000437,加急,990,2025-11-28,True
2026-05-29,PO-00000438,Brand F,SKU-0010,物料-06,195,P20260529-0438,2028-04-02,BS-00000438,正常,463,2026-02-24,True
2026-05-06,PO-00000439,Brand H,SKU-0027,物料-18,426,P20260506-0439,2027-01-02,BS-00000439,正常,782,2026-02-21,False
2026-04-27,PO-00000440,Brand C,SKU-0006,物料-15,716,P20260427-0440,2028-04-04,BS-00000440,加急,900,2026-02-23,False
2026-04-23,PO-00000441,Brand K,SKU-0017,物料-14,712,P20260423-0441,2027-07-17,BS-00000441,加急,526,2025-11-06,True
2026-06-03,PO-00000442,非自营-441,SKU-0015,物料-24,755,P20260603-0442,2028-05-20,BS-00000442,,0,2026-04-27,True
2026-04-11,PO-00000443,非自营-442,SKU-0001,物料-16,441,P20260411-0443,2026-12-11,BS-00000443,加急,270,2026-01-27,False
2026-03-26,PO-00000444,Brand A,SKU-0024,物料-04,75,P20260326-0444,2028-01-14,BS-00000444,加急,483,2025-11-13,True
2026-04-28,PO-00000445,非自营-444,SKU-0027,物料-19,90,P20260428-0445,2028-02-26,BS-00000445,,955,2026-01-11,True
2026-05-12,PO-00000446,Brand E,SKU-0022,物料-21,970,P20260512-0446,2027-01-14,BS-00000446,,47,2026-02-27,True
2026-05-20,PO-00000447,Brand G,SKU-0013,物料-30,45,P20260520-0447,2027-11-12,BS-00000447,,693,2025-12-19,True
2026-03-14,PO-00000448,非自营-447,SKU-0010,物料-08,756,P20260314-0448,2026-09-28,BS-00000448,,998,2025-09-28,True
2026-04-18,PO-00000449,Brand C,SKU-0012,物料-25,26,P20260418-0449,2027-01-13,BS-00000449,正常,182,2026-02-05,False
2026-06-06,PO-00000450,Brand C,SKU-0023,物料-01,523,P20260606-0450,2027-07-28,BS-00000450,,839,2026-02-16,True
2026-05-08,PO-00000451,Brand I,SKU-0022,物料-20,42,P20260508-0451,2028-02-08,BS-00000451,,372,2026-03-29,False
2026-05-17,PO-00000452,Brand G,SKU-0016,物料-22,358,P20260517-0452,2026-12-06,BS-00000452,正常,725,2025-11-23,False
2026-04-25,PO-00000453,Brand C,SKU-0002,物料-22,389,P20260425-0453,2027-06-05,BS-00000453,,538,2026-03-22,False
2026-04-24,PO-00000454,非自营-453,SKU-0003,物料-13,517,P20260424-0454,2027-11-05,BS-00000454,,506,2026-02-23,False
2026-03-19,PO-00000455,Brand F,SKU-0008,物料-09,655,P20260319-0455,2026-09-20,BS-00000455,,737,2026-02-02,True
2026-05-16,PO-00000456,Brand I,SKU-0020,物料-01,948,P20260516-0456,2027-11-03,BS-00000456,正常,669,2026-04-08,True
2026-05-21,PO-00000457,非自营-456,SKU-0029,物料-15,877,P20260521-0457,2027-04-22,BS-00000457,加急,971,2026-04-20,False
2026-05-11,PO-00000458,Brand H,SKU-0015,物料-29,865,P20260511-0458,2027-05-26,BS-00000458,,505,2026-03-06,True
2026-03-28,PO-00000459,非自营-458,SKU-0024,物料-15,276,P20260328-0459,2027-05-06,BS-00000459,,571,2025-12-05,True
2026-05-21,PO-00000460,Brand I,SKU-0019,物料-14,526,P20260521-0460,2028-02-22,BS-00000460,,65,2026-02-23,True
2026-04-16,PO-00000461,Brand K,SKU-0018,物料-05,807,P20260416-0461,2027-06-26,BS-00000461,,685,2025-12-25,True
2026-05-18,PO-00000462,Brand F,SKU-0023,物料-26,915,P20260518-0462,2028-01-18,BS-00000462,正常,51,2026-01-03,False
2026-05-30,PO-00000463,非自营-462,SKU-0001,物料-17,494,P20260530-0463,2028-01-24,BS-00000463,加急,997,2025-12-16,True
2026-04-01,PO-00000464,Brand B,SKU-0027,物料-06,356,P20260401-0464,2027-11-08,BS-00000464,,469,2026-01-10,False
2026-06-01,PO-00000465,非自营-464,SKU-0019,物料-09,612,P20260601-0465,2027-03-12,BS-00000465,,242,2026-02-17,True
2026-04-26,PO-00000466,Brand A,SKU-0002,物料-20,673,P20260426-0466,2027-07-01,BS-00000466,正常,336,2026-01-10,True
2026-04-26,PO-00000467,Brand J,SKU-0005,物料-26,452,P20260426-0467,2027-01-29,BS-00000467,加急,802,2026-01-18,True
2026-03-27,PO-00000468,Brand J,SKU-0018,物料-26,387,P20260327-0468,2027-03-19,BS-00000468,加急,755,2025-10-24,False
2026-04-02,PO-00000469,Brand F,SKU-0016,物料-25,639,P20260402-0469,2027-06-20,BS-00000469,加急,120,2026-01-29,True
2026-03-17,PO-00000470,Brand D,SKU-0010,物料-19,972,P20260317-0470,2027-01-22,BS-00000470,,553,2025-11-11,False
2026-05-06,PO-00000471,非自营-470,SKU-0021,物料-27,582,P20260506-0471,2027-05-19,BS-00000471,,695,2026-03-25,False
2026-04-25,PO-00000472,Brand K,SKU-0029,物料-23,367,P20260425-0472,2026-12-17,BS-00000472,,44,2026-02-05,True
2026-05-08,PO-00000473,Brand K,SKU-0003,物料-21,547,P20260508-0473,2027-12-17,BS-00000473,正常,51,2026-01-08,False
2026-04-08,PO-00000474,Brand D,SKU-0025,物料-26,630,P20260408-0474,2027-06-23,BS-00000474,正常,150,2026-03-06,True
2026-03-28,PO-00000475,非自营-474,SKU-0010,物料-17,889,P20260328-0475,2027-01-19,BS-00000475,正常,412,2025-12-25,True
2026-04-16,PO-00000476,Brand D,SKU-0025,物料-07,816,P20260416-0476,2028-02-09,BS-00000476,,540,2026-01-03,True
2026-03-23,PO-00000477,非自营-476,SKU-0024,物料-08,219,P20260323-0477,2027-08-05,BS-00000477,,568,2026-02-06,True
2026-04-30,PO-00000478,Brand A,SKU-0013,物料-15,780,P20260430-0478,2027-08-30,BS-00000478,,497,2026-01-07,True
2026-05-09,PO-00000479,Brand G,SKU-0021,物料-06,815,P20260509-0479,2028-03-08,BS-00000479,加急,786,2025-11-23,True
2026-03-23,PO-00000480,Brand B,SKU-0010,物料-01,51,P20260323-0480,2027-08-05,BS-00000480,正常,208,2025-11-05,False
2026-05-12,PO-00000481,Brand A,SKU-0011,物料-09,825,P20260512-0481,2027-10-29,BS-00000481,正常,7,2026-02-10,True
2026-04-20,PO-00000482,Brand B,SKU-0007,物料-07,994,P20260420-0482,2028-03-19,BS-00000482,加急,945,2026-02-06,True
2026-03-13,PO-00000483,Brand D,SKU-0002,物料-30,22,P20260313-0483,2028-02-16,BS-00000483,加急,390,2025-11-18,True
2026-04-05,PO-00000484,Brand I,SKU-0019,物料-22,610,P20260405-0484,2026-10-25,BS-00000484,加急,246,2025-12-16,True
2026-06-04,PO-00000485,Brand C,SKU-0028,物料-20,609,P20260604-0485,2027-06-10,BS-00000485,,394,2026-01-04,True
2026-06-05,PO-00000486,Brand K,SKU-0027,物料-19,833,P20260605-0486,2027-11-15,BS-00000486,加急,706,2026-01-23,True
2026-05-24,PO-00000487,Brand D,SKU-0018,物料-04,498,P20260524-0487,2026-12-14,BS-00000487,,833,2025-12-13,False
2026-04-11,PO-00000488,非自营-487,SKU-0026,物料-01,196,P20260411-0488,2027-11-01,BS-00000488,,338,2025-11-13,True
2026-04-27,PO-00000489,Brand C,SKU-0011,物料-09,72,P20260427-0489,2027-05-01,BS-00000489,正常,411,2025-11-03,True
2026-05-10,PO-00000490,Brand D,SKU-0017,物料-02,345,P20260510-0490,2026-12-03,BS-00000490,加急,951,2025-11-28,True
2026-05-23,PO-00000491,Brand A,SKU-0003,物料-16,564,P20260523-0491,2028-03-23,BS-00000491,,539,2026-01-08,True
2026-04-21,PO-00000492,Brand D,SKU-0020,物料-02,754,P20260421-0492,2028-02-17,BS-00000492,,344,2025-11-16,False
2026-04-30,PO-00000493,Brand K,SKU-0012,物料-03,755,P20260430-0493,2027-04-16,BS-00000493,加急,842,2026-03-04,False
2026-04-03,PO-00000494,Brand I,SKU-0025,物料-14,84,P20260403-0494,2026-11-06,BS-00000494,,295,2025-11-18,False
2026-03-23,PO-00000495,非自营-494,SKU-0028,物料-13,774,P20260323-0495,2027-07-14,BS-00000495,,234,2026-01-29,True
2026-05-21,PO-00000496,Brand B,SKU-0002,物料-17,834,P20260521-0496,2027-08-09,BS-00000496,,641,2026-03-25,True
2026-06-02,PO-00000497,Brand F,SKU-0025,物料-10,158,P20260602-0497,2026-12-25,BS-00000497,加急,587,2025-12-09,True
2026-04-02,PO-00000498,Brand C,SKU-0001,物料-03,703,P20260402-0498,2027-12-24,BS-00000498,,444,2026-02-28,True
2026-05-06,PO-00000499,Brand I,SKU-0009,物料-04,216,P20260506-0499,2028-02-13,BS-00000499,正常,232,2025-12-24,True
2026-03-27,PO-00000500,Brand L,SKU-0022,物料-25,702,P20260327-0500,2026-12-16,BS-00000500,加急,741,2025-10-21,True
